ID,x,tx,T,num
1,2,30.43,38.86,1
2,1,1.71,38.86,1
3,0,0,38.86,1
4,0,0,38.86,1
5,0,0,38.86,1
6,7,29.43,38.86,1
7,1,5,38.86,1
8,0,0,38.86,1
9,2,35.71,38.86,1
10,0,0,38.86,1
11,5,24.43,38.86,1
12,0,0,38.86,1
13,0,0,38.86,1
14,0,0,38.86,1
15,0,0,38.86,1
16,0,0,38.86,1
17,10,34.14,38.86,1
18,1,4.86,38.86,1
19,3,28.29,38.71,1
20,0,0,38.71,1
21,2,14.57,38.71,1
22,0,0,38.71,1
23,0,0,38.71,1
24,0,0,38.71,1
25,0,0,38.71,1
26,1,1.57,38.71,1
27,0,0,38.71,1
28,1,29.43,38.71,1
29,0,0,38.71,1
30,1,5.86,38.71,1
31,0,0,38.71,1
32,0,0,38.71,1
33,0,0,38.71,1
34,0,0,38.71,1
35,1,27.14,38.71,1
36,0,0,38.71,1
37,0,0,38.71,1
38,1,2.14,38.71,1
39,0,0,38.71,1
40,0,0,38.71,1
41,0,0,38.57,1
42,0,0,38.57,1
43,0,0,38.57,1
44,0,0,38.57,1
45,1,24.43,38.57,1
46,12,34.43,38.57,1
47,0,0,38.57,1
48,0,0,38.57,1
49,1,1.57,38.57,1
50,0,0,38.57,1
51,0,0,38.57,1
52,0,0,38.57,1
53,0,0,38.57,1
54,0,0,38.57,1
55,0,0,38.57,1
56,2,33.14,38.57,1
57,1,4.29,38.57,1
58,0,0,38.43,1
59,1,38.43,38.43,1
60,0,0,38.43,1
61,4,29.43,38.43,1
62,0,0,38.43,1
63,1,16.14,38.43,1
64,0,0,38.43,1
65,0,0,38.43,1
66,0,0,38.43,1
67,2,21.14,38.43,1
68,0,0,38.43,1
69,0,0,38.43,1
70,3,29.29,38.43,1
71,0,0,38.43,1
72,0,0,38.43,1
73,1,5.86,38.43,1
74,0,0,38.43,1
75,1,5.14,38.43,1
76,0,0,38.43,1
77,0,0,38.43,1
78,0,0,38.29,1
79,3,16.86,38.29,1
80,0,0,38.29,1
81,0,0,38.29,1
82,1,7.43,38.29,1
83,0,0,38.29,1
84,0,0,38.29,1
85,0,0,38.29,1
86,7,26.43,38.29,1
87,0,0,38.29,1
88,10,35.43,38.29,1
89,0,0,38.29,1
90,0,0,38.29,1
91,1,33.29,38.29,1
92,6,37.43,38.29,1
93,0,0,38.29,1
94,0,0,38.29,1
95,0,0,38.29,1
96,0,0,38.29,1
97,0,0,38.29,1
98,2,31.86,38.29,1
99,4,37.57,38.29,1
100,1,23.86,38.29,1
101,5,36.14,38.14,1
102,0,0,38.14,1
103,0,0,38.14,1
104,0,0,38.14,1
105,1,24.14,38.14,1
106,1,6.14,38.14,1
107,0,0,38.14,1
108,0,0,38.14,1
109,1,0.29,38.14,1
110,0,0,38.14,1
111,1,0.29,38.14,1
112,0,0,38.14,1
113,0,0,38.14,1
114,1,24.14,38.14,1
115,0,0,38.14,1
116,1,5.29,38.14,1
117,0,0,38.14,1
118,0,0,38.14,1
119,0,0,38.14,1
120,0,0,38.14,1
121,1,3,38.14,1
122,0,0,38.14,1
123,0,0,38.14,1
124,0,0,38.14,1
125,1,7.14,38.14,1
126,0,0,38,1
127,0,0,38,1
128,0,0,38,1
129,4,7.57,38,1
130,3,26,38,1
131,0,0,38,1
132,1,24,38,1
133,2,28.43,38,1
134,0,0,38,1
135,1,23.43,38,1
136,2,7.43,38,1
137,0,0,38,1
138,2,16.86,38,1
139,1,2.14,38,1
140,1,15.71,38,1
141,0,0,38,1
142,5,6.86,38,1
143,2,28.57,38,1
144,7,34.14,38,1
145,2,35.71,38,1
146,0,0,38,1
147,4,29.29,38,1
148,13,37.86,38,1
149,0,0,38,1
150,4,33,38,1
151,4,35.29,38,1
152,0,0,38,1
153,0,0,38,1
154,1,2.86,38,1
155,0,0,38,1
156,1,6.43,38,1
157,29,37.71,38,1
158,0,0,37.86,1
159,3,24.71,37.86,1
160,0,0,37.86,1
161,0,0,37.86,1
162,1,2,37.86,1
163,0,0,37.86,1
164,10,37,37.86,1
165,0,0,37.86,1
166,0,0,37.86,1
167,13,28.14,37.86,1
168,0,0,37.86,1
169,0,0,37.86,1
170,1,37.43,37.86,1
171,0,0,37.86,1
172,0,0,37.86,1
173,0,0,37.86,1
174,0,0,37.86,1
175,0,0,37.86,1
176,0,0,37.71,1
177,0,0,37.71,1
178,6,32.86,37.71,1
179,8,36.14,37.71,1
180,0,0,37.71,1
181,0,0,37.71,1
182,0,0,37.71,1
183,1,5,37.71,1
184,0,0,37.71,1
185,4,36.14,37.71,1
186,0,0,37.71,1
187,2,7.86,37.71,1
188,3,21.14,37.71,1
189,3,6,37.71,1
190,0,0,37.71,1
191,0,0,37.71,1
192,0,0,37.71,1
193,0,0,37.71,1
194,0,0,37.71,1
195,6,27,37.71,1
196,0,0,37.71,1
197,1,1.57,37.71,1
198,0,0,37.71,1
199,0,0,37.71,1
200,2,14.29,37.57,1
201,0,0,37.57,1
202,2,7,37.57,1
203,2,31,37.57,1
204,0,0,37.57,1
205,0,0,37.57,1
206,1,18,37.57,1
207,0,0,37.57,1
208,1,0.29,37.57,1
209,0,0,37.57,1
210,0,0,37.57,1
211,7,17.86,37.57,1
212,0,0,37.57,1
213,0,0,37.57,1
214,0,0,37.57,1
215,2,29,37.57,1
216,0,0,37.57,1
217,4,24.29,37.57,1
218,0,0,37.43,1
219,1,14.86,37.43,1
220,1,27.43,37.43,1
221,0,0,37.43,1
222,0,0,37.43,1
223,0,0,37.43,1
224,0,0,37.43,1
225,0,0,37.43,1
226,2,11.43,37.43,1
227,0,0,37.43,1
228,1,2,37.43,1
229,1,1.86,37.43,1
230,2,33,37.43,1
231,0,0,37.43,1
232,3,36.57,37.43,1
233,0,0,37.43,1
234,0,0,37.43,1
235,0,0,37.43,1
236,0,0,37.43,1
237,0,0,37.43,1
238,0,0,37.43,1
239,0,0,37.43,1
240,0,0,37.43,1
241,0,0,37.43,1
242,4,31.43,37.43,1
243,1,8.29,37.29,1
244,5,5.14,37.29,1
245,0,0,37.29,1
246,0,0,37.29,1
247,2,24,37.29,1
248,0,0,37.29,1
249,1,1.86,37.29,1
250,2,20.43,37.29,1
251,0,0,37.29,1
252,0,0,37.29,1
253,1,32,37.29,1
254,0,0,37.29,1
255,1,0.43,37.29,1
256,0,0,37.29,1
257,5,16.14,37.29,1
258,0,0,37.29,1
259,0,0,37.29,1
260,1,5.86,37.29,1
261,2,28.57,37.29,1
262,0,0,37.29,1
263,1,36.86,37.29,1
264,0,0,37.29,1
265,0,0,37.29,1
266,1,0.14,37.29,1
267,2,35.57,37.29,1
268,1,5.71,37.29,1
269,0,0,37.14,1
270,1,2,37.14,1
271,0,0,37.14,1
272,1,3.86,37.14,1
273,0,0,37.14,1
274,3,24.29,37.14,1
275,1,34,37.14,1
276,13,30.71,37.14,1
277,0,0,37.14,1
278,0,0,37.14,1
279,0,0,37.14,1
280,0,0,37.14,1
281,0,0,37.14,1
282,3,19.43,37.14,1
283,3,32.86,37.14,1
284,1,3,37.14,1
285,0,0,37.14,1
286,0,0,37.14,1
287,3,31.57,37.14,1
288,0,0,37.14,1
289,5,36.43,37.14,1
290,0,0,37.14,1
291,2,35.43,37.14,1
292,1,0.43,37.14,1
293,0,0,37.14,1
294,1,0.71,37.14,1
295,0,0,37.14,1
296,0,0,37.14,1
297,1,15.29,37,1
298,1,1.14,37,1
299,0,0,37,1
300,0,0,37,1
301,0,0,37,1
302,3,34.43,37,1
303,1,36.29,37,1
304,1,17.86,37,1
305,0,0,37,1
306,1,3.43,37,1
307,0,0,37,1
308,0,0,37,1
309,0,0,37,1
310,4,4.29,37,1
311,0,0,37,1
312,2,34.57,37,1
313,0,0,37,1
314,3,27.71,37,1
315,0,0,37,1
316,0,0,37,1
317,1,19.86,37,1
318,0,0,37,1
319,1,16.57,37,1
320,0,0,37,1
321,2,32,37,1
322,0,0,36.86,1
323,1,8.86,36.86,1
324,3,2.71,36.86,1
325,25,27.29,36.86,1
326,0,0,36.86,1
327,0,0,36.86,1
328,0,0,36.86,1
329,0,0,36.86,1
330,5,22.57,36.86,1
331,0,0,36.86,1
332,2,14.14,36.86,1
333,0,0,36.86,1
334,0,0,36.86,1
335,0,0,36.86,1
336,5,36,36.86,1
337,0,0,36.86,1
338,0,0,36.86,1
339,1,22.43,36.86,1
340,0,0,36.86,1
341,0,0,36.86,1
342,0,0,36.86,1
343,0,0,36.86,1
344,2,22.57,36.71,1
345,0,0,36.71,1
346,0,0,36.71,1
347,0,0,36.71,1
348,1,22.57,36.71,1
349,0,0,36.71,1
350,2,22.57,36.71,1
351,1,9.57,36.71,1
352,0,0,36.71,1
353,0,0,36.71,1
354,0,0,36.71,1
355,0,0,36.71,1
356,0,0,36.71,1
357,1,2.57,36.71,1
358,2,23.71,36.71,1
359,0,0,36.71,1
360,0,0,36.71,1
361,0,0,36.71,1
362,0,0,36.71,1
363,2,10.57,36.71,1
364,4,28.71,36.71,1
365,0,0,36.71,1
366,0,0,36.57,1
367,1,11.71,36.57,1
368,3,17.43,36.57,1
369,0,0,36.57,1
370,1,14.14,36.57,1
371,0,0,36.57,1
372,0,0,36.57,1
373,0,0,36.57,1
374,0,0,36.57,1
375,0,0,36.57,1
376,1,5.71,36.57,1
377,1,10.43,36.57,1
378,1,22,36.57,1
379,0,0,36.57,1
380,0,0,36.57,1
381,0,0,36.57,1
382,11,36.43,36.57,1
383,0,0,36.57,1
384,0,0,36.57,1
385,4,31.14,36.57,1
386,0,0,36.57,1
387,0,0,36.57,1
388,1,15.29,36.43,1
389,2,10.14,36.43,1
390,0,0,36.43,1
391,0,0,36.43,1
392,0,0,36.43,1
393,0,0,36.43,1
394,1,25.86,36.43,1
395,1,4.43,36.43,1
396,0,0,36.43,1
397,3,21.29,36.43,1
398,1,8,36.43,1
399,0,0,36.43,1
400,0,0,36.43,1
401,2,21.86,36.43,1
402,0,0,36.43,1
403,8,31.14,36.43,1
404,1,6.14,36.43,1
405,0,0,36.43,1
406,2,15.86,36.43,1
407,1,31.86,36.43,1
408,0,0,36.43,1
409,0,0,36.43,1
410,1,21.71,36.43,1
411,0,0,36.43,1
412,2,3.43,36.43,1
413,0,0,36.43,1
414,0,0,36.43,1
415,3,20.86,36.29,1
416,0,0,36.29,1
417,0,0,36.29,1
418,0,0,36.29,1
419,0,0,36.29,1
420,0,0,36.29,1
421,0,0,36.29,1
422,2,12.43,36.29,1
423,2,19.71,36.29,1
424,0,0,36.29,1
425,0,0,36.29,1
426,0,0,36.29,1
427,1,4.43,36.29,1
428,2,30,36.29,1
429,0,0,36.29,1
430,0,0,36.29,1
431,0,0,36.29,1
432,0,0,36.29,1
433,0,0,36.29,1
434,1,8.43,36.29,1
435,0,0,36.29,1
436,0,0,36.29,1
437,0,0,36.29,1
438,0,0,36.29,1
439,1,18.14,36.29,1
440,2,26.14,36.29,1
441,4,26.71,36.29,1
442,0,0,36.29,1
443,0,0,36.29,1
444,2,3.14,36.14,1
445,0,0,36.14,1
446,6,27.14,36.14,1
447,0,0,36.14,1
448,1,2.14,36.14,1
449,0,0,36.14,1
450,1,7.86,36.14,1
451,1,8.86,36.14,1
452,1,17,36.14,1
453,2,11,36.14,1
454,1,27.14,36.14,1
455,0,0,36.14,1
456,7,28.29,36.14,1
457,4,15.14,36.14,1
458,0,0,36.14,1
459,0,0,36.14,1
460,0,0,36.14,1
461,7,25.43,36.14,1
462,0,0,36.14,1
463,1,8.57,36.14,1
464,1,17,36.14,1
465,0,0,36.14,1
466,2,23,36.14,1
467,1,31.57,36.14,1
468,0,0,36.14,1
469,4,30.43,36.14,1
470,0,0,36.14,1
471,1,2.43,36.14,1
472,0,0,36.14,1
473,0,0,36.14,1
474,2,33.71,36.14,1
475,0,0,36.14,1
476,0,0,36.14,1
477,4,36,36.14,1
478,0,0,36.14,1
479,0,0,36,1
480,2,21.29,36,1
481,1,21.57,36,1
482,0,0,36,1
483,1,8.57,36,1
484,0,0,36,1
485,11,33.14,36,1
486,0,0,36,1
487,4,9,36,1
488,0,0,36,1
489,0,0,36,1
490,0,0,36,1
491,4,17.43,36,1
492,0,0,36,1
493,3,30.43,36,1
494,0,0,36,1
495,1,36,36,1
496,1,2.14,36,1
497,0,0,36,1
498,0,0,36,1
499,6,26.57,36,1
500,3,5.57,36,1
501,0,0,36,1
502,0,0,36,1
503,0,0,36,1
504,0,0,35.86,1
505,2,14.29,35.86,1
506,0,0,35.86,1
507,2,31,35.86,1
508,0,0,35.86,1
509,18,35.14,35.86,1
510,0,0,35.86,1
511,1,5.29,35.86,1
512,0,0,35.86,1
513,1,7.86,35.86,1
514,0,0,35.86,1
515,0,0,35.86,1
516,0,0,35.86,1
517,5,29.57,35.86,1
518,0,0,35.86,1
519,1,35.86,35.86,1
520,0,0,35.86,1
521,6,34.86,35.86,1
522,0,0,35.86,1
523,2,11.14,35.86,1
524,0,0,35.86,1
525,0,0,35.86,1
526,2,22.71,35.86,1
527,0,0,35.86,1
528,1,29.86,35.86,1
529,1,20.86,35.71,1
530,0,0,35.71,1
531,0,0,35.71,1
532,1,12.86,35.71,1
533,0,0,35.71,1
534,1,4.57,35.71,1
535,2,29.43,35.71,1
536,0,0,35.71,1
537,0,0,35.71,1
538,0,0,35.71,1
539,1,0.14,35.71,1
540,0,0,35.71,1
541,2,31.71,35.71,1
542,0,0,35.71,1
543,2,22.43,35.71,1
544,0,0,35.71,1
545,0,0,35.71,1
546,0,0,35.71,1
547,0,0,35.71,1
548,1,22,35.71,1
549,10,33.57,35.71,1
550,0,0,35.71,1
551,1,6.71,35.71,1
552,3,3.43,35.71,1
553,3,23.71,35.71,1
554,0,0,35.71,1
555,2,32.43,35.71,1
556,0,0,35.71,1
557,0,0,35.71,1
558,12,23.86,35.57,1
559,0,0,35.57,1
560,1,7.57,35.57,1
561,2,29,35.57,1
562,2,34.43,35.57,1
563,0,0,35.57,1
564,0,0,35.57,1
565,0,0,35.57,1
566,0,0,35.57,1
567,5,33.43,35.57,1
568,0,0,35.57,1
569,0,0,35.57,1
570,2,24.86,35.57,1
571,0,0,35.57,1
572,5,8.71,35.57,1
573,0,0,35.57,1
574,1,26.71,35.57,1
575,1,5.43,35.57,1
576,0,0,35.57,1
577,1,7.29,35.57,1
578,0,0,35.57,1
579,0,0,35.57,1
580,0,0,35.57,1
581,0,0,35.57,1
582,0,0,35.57,1
583,0,0,35.57,1
584,1,35.43,35.43,1
585,2,21.57,35.43,1
586,0,0,35.43,1
587,0,0,35.43,1
588,0,0,35.43,1
589,0,0,35.43,1
590,0,0,35.43,1
591,0,0,35.43,1
592,1,29,35.43,1
593,7,17.14,35.43,1
594,0,0,35.43,1
595,0,0,35.43,1
596,2,32.71,35.43,1
597,0,0,35.43,1
598,0,0,35.43,1
599,2,25.86,35.43,1
600,0,0,35.43,1
601,4,21.43,35.43,1
602,0,0,35.43,1
603,0,0,35.43,1
604,3,30,35.43,1
605,0,0,35.43,1
606,1,31.29,35.43,1
607,0,0,35.43,1
608,2,13.57,35.43,1
609,2,22,35.43,1
610,0,0,35.43,1
611,1,10.29,35.29,1
612,1,20.86,35.29,1
613,2,33.57,35.29,1
614,0,0,35.29,1
615,0,0,35.29,1
616,0,0,35.29,1
617,0,0,35.29,1
618,2,3.86,35.29,1
619,0,0,35.29,1
620,0,0,35.29,1
621,1,7.86,35.29,1
622,0,0,35.29,1
623,1,23.86,35.29,1
624,0,0,35.29,1
625,3,11.14,35.29,1
626,0,0,35.29,1
627,0,0,35.29,1
628,0,0,35.29,1
629,0,0,35.29,1
630,1,34.29,35.29,1
631,0,0,35.29,1
632,0,0,35.29,1
633,1,2.71,35.29,1
634,0,0,35.29,1
635,0,0,35.29,1
636,0,0,35.29,1
637,0,0,35.14,1
638,0,0,35.14,1
639,0,0,35.14,1
640,0,0,35.14,1
641,3,26.71,35.14,1
642,0,0,35.14,1
643,4,28.43,35.14,1
644,0,0,35.14,1
645,0,0,35.14,1
646,0,0,35.14,1
647,0,0,35.14,1
648,2,11.57,35.14,1
649,1,8.57,35.14,1
650,1,6.43,35.14,1
651,0,0,35.14,1
652,0,0,35.14,1
653,0,0,35.14,1
654,0,0,35.14,1
655,5,31.14,35.14,1
656,1,5.86,35.14,1
657,0,0,35.14,1
658,0,0,35.14,1
659,1,7.14,35.14,1
660,2,8.29,35.14,1
661,1,33.71,35.14,1
662,0,0,35.14,1
663,0,0,35.14,1
664,0,0,35.14,1
665,0,0,35.14,1
666,1,20.86,35,1
667,0,0,35,1
668,8,33.57,35,1
669,1,4.43,35,1
670,0,0,35,1
671,6,29.29,35,1
672,1,8.14,35,1
673,2,3.86,35,1
674,0,0,35,1
675,3,25.29,35,1
676,6,23,35,1
677,0,0,35,1
678,1,20.43,35,1
679,0,0,35,1
680,2,16.29,35,1
681,5,25.14,35,1
682,0,0,35,1
683,1,28,35,1
684,0,0,35,1
685,0,0,35,1
686,0,0,35,1
687,0,0,35,1
688,0,0,35,1
689,0,0,35,1
690,1,18.86,35,1
691,1,6,35,1
692,0,0,35,1
693,13,34.43,35,1
694,0,0,35,1
695,0,0,35,1
696,1,3.57,35,1
697,3,25.86,34.86,1
698,0,0,34.86,1
699,5,14.43,34.86,1
700,0,0,34.86,1
701,2,17.43,34.86,1
702,1,22.86,34.86,1
703,0,0,34.86,1
704,0,0,34.86,1
705,1,11.14,34.86,1
706,0,0,34.86,1
707,1,4,34.86,1
708,1,0.57,34.86,1
709,0,0,34.86,1
710,0,0,34.86,1
711,0,0,34.86,1
712,4,30.57,34.86,1
713,6,33.57,34.86,1
714,1,1.71,34.86,1
715,2,9.71,34.86,1
716,0,0,34.86,1
717,0,0,34.86,1
718,2,12,34.86,1
719,0,0,34.86,1
720,7,34.86,34.86,1
721,0,0,34.86,1
722,0,0,34.86,1
723,0,0,34.86,1
724,0,0,34.86,1
725,0,0,34.86,1
726,3,20.29,34.86,1
727,0,0,34.86,1
728,5,17,34.86,1
729,0,0,34.86,1
730,2,10.57,34.71,1
731,1,4.57,34.71,1
732,3,33.71,34.71,1
733,0,0,34.71,1
734,0,0,34.71,1
735,0,0,34.71,1
736,0,0,34.71,1
737,0,0,34.71,1
738,0,0,34.71,1
739,1,13.29,34.71,1
740,0,0,34.71,1
741,1,24.86,34.71,1
742,0,0,34.71,1
743,0,0,34.71,1
744,0,0,34.71,1
745,2,14.43,34.71,1
746,0,0,34.71,1
747,1,12.57,34.71,1
748,0,0,34.71,1
749,0,0,34.71,1
750,1,7.14,34.71,1
751,10,29.29,34.71,1
752,0,0,34.71,1
753,0,0,34.71,1
754,0,0,34.71,1
755,0,0,34.71,1
756,3,16.43,34.71,1
757,3,17.14,34.71,1
758,0,0,34.71,1
759,0,0,34.71,1
760,2,9.14,34.57,1
761,5,34.57,34.57,1
762,4,23.14,34.57,1
763,0,0,34.57,1
764,0,0,34.57,1
765,0,0,34.57,1
766,0,0,34.57,1
767,0,0,34.57,1
768,0,0,34.57,1
769,0,0,34.57,1
770,1,3.71,34.57,1
771,0,0,34.57,1
772,0,0,34.57,1
773,0,0,34.57,1
774,0,0,34.57,1
775,1,16,34.57,1
776,1,0.29,34.57,1
777,3,9.29,34.57,1
778,1,8.71,34.57,1
779,0,0,34.57,1
780,0,0,34.57,1
781,0,0,34.57,1
782,0,0,34.43,1
783,6,32.86,34.43,1
784,2,25.57,34.43,1
785,0,0,34.43,1
786,0,0,34.43,1
787,0,0,34.43,1
788,0,0,34.43,1
789,0,0,34.43,1
790,0,0,34.43,1
791,0,0,34.43,1
792,0,0,34.43,1
793,1,2.14,34.43,1
794,6,30.86,34.43,1
795,0,0,34.43,1
796,1,5.86,34.43,1
797,0,0,34.43,1
798,2,8.14,34.43,1
799,0,0,34.43,1
800,0,0,34.43,1
801,7,33.71,34.43,1
802,0,0,34.43,1
803,0,0,34.43,1
804,0,0,34.43,1
805,2,20.71,34.43,1
806,0,0,34.43,1
807,0,0,34.43,1
808,0,0,34.43,1
809,0,0,34.43,1
810,2,12.71,34.43,1
811,0,0,34.29,1
812,1,7.29,34.29,1
813,13,33.86,34.29,1
814,7,5.57,34.29,1
815,0,0,34.29,1
816,0,0,34.29,1
817,3,32,34.29,1
818,0,0,34.29,1
819,1,22.14,34.29,1
820,0,0,34.29,1
821,1,4.71,34.29,1
822,1,19.71,34.29,1
823,2,0.86,34.29,1
824,0,0,34.29,1
825,0,0,34.29,1
826,0,0,34.29,1
827,1,8.29,34.29,1
828,0,0,34.29,1
829,0,0,34.29,1
830,1,21.14,34.29,1
831,1,23.86,34.29,1
832,0,0,34.29,1
833,0,0,34.29,1
834,0,0,34.29,1
835,0,0,34.29,1
836,2,31,34.29,1
837,1,0.57,34.29,1
838,0,0,34.29,1
839,0,0,34.29,1
840,1,26.71,34.29,1
841,19,34,34.14,1
842,2,21,34.14,1
843,2,28,34.14,1
844,0,0,34.14,1
845,2,21,34.14,1
846,2,14,34.14,1
847,0,0,34.14,1
848,0,0,34.14,1
849,0,0,34.14,1
850,1,6.57,34.14,1
851,0,0,34.14,1
852,0,0,34.14,1
853,0,0,34.14,1
854,1,0.43,34.14,1
855,0,0,34.14,1
856,1,10.57,34.14,1
857,0,0,34.14,1
858,1,1.43,34.14,1
859,0,0,34.14,1
860,0,0,34.14,1
861,2,18.29,34.14,1
862,0,0,34.14,1
863,0,0,34.14,1
864,0,0,34.14,1
865,1,14.86,34.14,1
866,0,0,34.14,1
867,7,31.43,34.14,1
868,0,0,34.14,1
869,0,0,34.14,1
870,0,0,34.14,1
871,0,0,34.14,1
872,0,0,34.14,1
873,1,0.14,34.14,1
874,0,0,34.14,1
875,0,0,34.14,1
876,1,27.71,34.14,1
877,1,16.57,34,1
878,0,0,34,1
879,0,0,34,1
880,2,8.71,34,1
881,0,0,34,1
882,1,9.86,34,1
883,1,15.29,34,1
884,0,0,34,1
885,0,0,34,1
886,4,28.14,34,1
887,0,0,34,1
888,0,0,34,1
889,1,13.71,34,1
890,0,0,34,1
891,0,0,34,1
892,0,0,34,1
893,1,23.86,34,1
894,0,0,34,1
895,0,0,34,1
896,0,0,34,1
897,5,14.71,34,1
898,1,10.29,34,1
899,0,0,34,1
900,1,24.86,34,1
901,0,0,34,1
902,1,9.71,34,1
903,0,0,34,1
904,1,2.29,34,1
905,0,0,34,1
906,0,0,34,1
907,0,0,34,1
908,7,26,34,1
909,2,20.14,34,1
910,1,12.71,34,1
911,0,0,34,1
912,0,0,34,1
913,0,0,33.86,1
914,0,0,33.86,1
915,0,0,33.86,1
916,1,15.71,33.86,1
917,0,0,33.86,1
918,0,0,33.86,1
919,0,0,33.86,1
920,0,0,33.86,1
921,2,32.71,33.86,1
922,0,0,33.86,1
923,0,0,33.86,1
924,0,0,33.86,1
925,0,0,33.86,1
926,0,0,33.86,1
927,0,0,33.86,1
928,1,8.57,33.86,1
929,0,0,33.86,1
930,4,26.14,33.86,1
931,0,0,33.86,1
932,1,4.57,33.86,1
933,1,23,33.86,1
934,0,0,33.86,1
935,1,2.57,33.86,1
936,0,0,33.86,1
937,1,3.71,33.86,1
938,2,33,33.71,1
939,0,0,33.71,1
940,1,3,33.71,1
941,0,0,33.71,1
942,0,0,33.71,1
943,0,0,33.71,1
944,2,33.71,33.71,1
945,0,0,33.71,1
946,4,15.29,33.71,1
947,0,0,33.71,1
948,1,6.14,33.71,1
949,7,32.57,33.71,1
950,1,1.14,33.71,1
951,0,0,33.71,1
952,1,2.29,33.71,1
953,0,0,33.71,1
954,0,0,33.71,1
955,4,24,33.71,1
956,0,0,33.71,1
957,1,6.71,33.71,1
958,0,0,33.71,1
959,0,0,33.71,1
960,0,0,33.71,1
961,0,0,33.71,1
962,1,1,33.71,1
963,0,0,33.71,1
964,7,30.14,33.71,1
965,1,11,33.71,1
966,0,0,33.71,1
967,6,29.86,33.71,1
968,0,0,33.71,1
969,5,18.29,33.71,1
970,0,0,33.71,1
971,2,14.29,33.71,1
972,0,0,33.71,1
973,1,17.43,33.71,1
974,0,0,33.71,1
975,6,30.43,33.71,1
976,0,0,33.71,1
977,2,11.43,33.71,1
978,0,0,33.71,1
979,0,0,33.71,1
980,0,0,33.71,1
981,2,16,33.57,1
982,2,27.14,33.57,1
983,0,0,33.57,1
984,0,0,33.57,1
985,6,25,33.57,1
986,0,0,33.57,1
987,0,0,33.57,1
988,1,20,33.57,1
989,0,0,33.57,1
990,1,24.29,33.57,1
991,0,0,33.57,1
992,0,0,33.57,1
993,0,0,33.57,1
994,2,10.71,33.57,1
995,0,0,33.57,1
996,0,0,33.57,1
997,0,0,33.57,1
998,0,0,33.57,1
999,1,1.71,33.57,1
1000,4,24.43,33.57,1
1001,0,0,33.57,1
1002,0,0,33.57,1
1003,1,26.71,33.57,1
1004,0,0,33.57,1
1005,1,3.86,33.57,1
1006,0,0,33.57,1
1007,0,0,33.43,1
1008,1,1.43,33.43,1
1009,0,0,33.43,1
1010,5,21.14,33.43,1
1011,2,18.86,33.43,1
1012,0,0,33.43,1
1013,0,0,33.43,1
1014,0,0,33.43,1
1015,3,26,33.43,1
1016,0,0,33.43,1
1017,12,32.43,33.43,1
1018,1,9.14,33.43,1
1019,0,0,33.43,1
1020,0,0,33.43,1
1021,2,21.43,33.43,1
1022,0,0,33.43,1
1023,0,0,33.43,1
1024,0,0,33.43,1
1025,0,0,33.43,1
1026,0,0,33.43,1
1027,0,0,33.43,1
1028,0,0,33.43,1
1029,0,0,33.43,1
1030,0,0,33.43,1
1031,0,0,33.43,1
1032,0,0,33.43,1
1033,0,0,33.43,1
1034,0,0,33.43,1
1035,0,0,33.43,1
1036,0,0,33.43,1
1037,4,14.29,33.43,1
1038,1,23.14,33.29,1
1039,1,8.71,33.29,1
1040,0,0,33.29,1
1041,0,0,33.29,1
1042,3,18,33.29,1
1043,0,0,33.29,1
1044,1,33.29,33.29,1
1045,0,0,33.29,1
1046,1,0.57,33.29,1
1047,0,0,33.29,1
1048,0,0,33.29,1
1049,0,0,33.29,1
1050,0,0,33.29,1
1051,4,25,33.29,1
1052,0,0,33.29,1
1053,0,0,33.29,1
1054,2,19.14,33.29,1
1055,0,0,33.29,1
1056,5,32.29,33.29,1
1057,0,0,33.29,1
1058,3,24.57,33.29,1
1059,1,0.14,33.29,1
1060,0,0,33.29,1
1061,0,0,33.29,1
1062,3,13.14,33.29,1
1063,0,0,33.29,1
1064,0,0,33.29,1
1065,0,0,33.29,1
1066,0,0,33.29,1
1067,0,0,33.14,1
1068,0,0,33.14,1
1069,0,0,33.14,1
1070,0,0,33.14,1
1071,2,4,33.14,1
1072,0,0,33.14,1
1073,0,0,33.14,1
1074,0,0,33.14,1
1075,2,4.86,33.14,1
1076,3,19.29,33.14,1
1077,0,0,33.14,1
1078,0,0,33.14,1
1079,0,0,33.14,1
1080,0,0,33.14,1
1081,11,32,33.14,1
1082,0,0,33.14,1
1083,0,0,33.14,1
1084,2,2.29,33.14,1
1085,0,0,33.14,1
1086,1,19,33.14,1
1087,0,0,33.14,1
1088,7,28.71,33.14,1
1089,0,0,33.14,1
1090,0,0,33.14,1
1091,1,19,33.14,1
1092,0,0,33.14,1
1093,3,12,33.14,1
1094,0,0,33.14,1
1095,2,28,33.14,1
1096,0,0,33.14,1
1097,1,2,33.14,1
1098,0,0,33.14,1
1099,4,25,33.14,1
1100,2,15.29,33,1
1101,2,6,33,1
1102,1,18.29,33,1
1103,0,0,33,1
1104,0,0,33,1
1105,0,0,33,1
1106,0,0,33,1
1107,0,0,33,1
1108,1,8.57,33,1
1109,3,30.29,33,1
1110,0,0,33,1
1111,0,0,33,1
1112,1,18.43,33,1
1113,1,0.86,33,1
1114,6,18.43,33,1
1115,0,0,33,1
1116,0,0,33,1
1117,4,29,33,1
1118,0,0,33,1
1119,0,0,33,1
1120,1,1.29,33,1
1121,0,0,33,1
1122,2,9.86,33,1
1123,0,0,33,1
1124,1,2.43,33,1
1125,3,9.71,33,1
1126,7,30.43,33,1
1127,2,15,33,1
1128,0,0,33,1
1129,5,32.14,33,1
1130,0,0,33,1
1131,0,0,33,1
1132,0,0,33,1
1133,0,0,32.86,1
1134,5,32.43,32.86,1
1135,0,0,32.86,1
1136,12,17.71,32.86,1
1137,1,18.43,32.86,1
1138,0,0,32.86,1
1139,1,18.86,32.86,1
1140,0,0,32.86,1
1141,1,0.71,32.86,1
1142,0,0,32.86,1
1143,0,0,32.86,1
1144,0,0,32.86,1
1145,0,0,32.86,1
1146,3,8.57,32.86,1
1147,0,0,32.86,1
1148,0,0,32.86,1
1149,0,0,32.86,1
1150,0,0,32.86,1
1151,0,0,32.86,1
1152,1,12.14,32.86,1
1153,0,0,32.86,1
1154,1,0.57,32.86,1
1155,0,0,32.86,1
1156,0,0,32.86,1
1157,0,0,32.86,1
1158,0,0,32.71,1
1159,0,0,32.71,1
1160,4,31.43,32.71,1
1161,0,0,32.71,1
1162,0,0,32.71,1
1163,0,0,32.71,1
1164,2,15.43,32.71,1
1165,0,0,32.71,1
1166,4,1.29,32.71,1
1167,0,0,32.71,1
1168,1,0.71,32.71,1
1169,0,0,32.71,1
1170,1,2.71,32.71,1
1171,0,0,32.71,1
1172,3,6,32.71,1
1173,0,0,32.71,1
1174,0,0,32.71,1
1175,0,0,32.71,1
1176,0,0,32.71,1
1177,0,0,32.71,1
1178,1,8.86,32.71,1
1179,0,0,32.71,1
1180,0,0,32.71,1
1181,3,28.43,32.71,1
1182,0,0,32.71,1
1183,3,20.57,32.57,1
1184,4,20.71,32.57,1
1185,1,30.14,32.57,1
1186,0,0,32.57,1
1187,2,32.57,32.57,1
1188,1,3.57,32.57,1
1189,2,31.71,32.57,1
1190,1,0.86,32.57,1
1191,0,0,32.57,1
1192,0,0,32.57,1
1193,2,1.14,32.57,1
1194,1,1.57,32.57,1
1195,0,0,32.57,1
1196,0,0,32.57,1
1197,0,0,32.57,1
1198,1,0.57,32.57,1
1199,7,15,32.57,1
1200,0,0,32.57,1
1201,6,26.71,32.57,1
1202,0,0,32.57,1
1203,6,29.57,32.57,1
1204,0,0,32.57,1
1205,0,0,32.57,1
1206,0,0,32.57,1
1207,1,0.29,32.57,1
1208,0,0,32.43,1
1209,0,0,32.43,1
1210,0,0,32.43,1
1211,0,0,32.43,1
1212,0,0,32.43,1
1213,0,0,32.43,1
1214,0,0,32.43,1
1215,0,0,32.43,1
1216,0,0,32.43,1
1217,1,6.14,32.43,1
1218,0,0,32.43,1
1219,0,0,32.43,1
1220,1,3.71,32.43,1
1221,0,0,32.43,1
1222,0,0,32.43,1
1223,0,0,32.43,1
1224,0,0,32.43,1
1225,0,0,32.43,1
1226,0,0,32.43,1
1227,3,28.14,32.43,1
1228,0,0,32.43,1
1229,0,0,32.43,1
1230,3,25.86,32.29,1
1231,0,0,32.29,1
1232,3,27.57,32.29,1
1233,0,0,32.29,1
1234,8,23,32.29,1
1235,0,0,32.29,1
1236,1,0.86,32.29,1
1237,0,0,32.29,1
1238,0,0,32.29,1
1239,2,13.14,32.29,1
1240,0,0,32.29,1
1241,0,0,32.29,1
1242,11,30.86,32.29,1
1243,0,0,32.29,1
1244,1,1.29,32.29,1
1245,8,32.29,32.29,1
1246,0,0,32.29,1
1247,1,3.57,32.29,1
1248,0,0,32.29,1
1249,1,7.86,32.29,1
1250,0,0,32.29,1
1251,0,0,32.29,1
1252,3,23.43,32.29,1
1253,0,0,32.29,1
1254,0,0,32.29,1
1255,0,0,32.29,1
1256,0,0,32.29,1
1257,0,0,32.29,1
1258,3,14.29,32.29,1
1259,1,2.86,32.29,1
1260,0,0,32.29,1
1261,1,19.86,32.29,1
1262,6,25,32.29,1
1263,0,0,32.29,1
1264,2,21.43,32.29,1
1265,1,18.57,32.14,1
1266,1,0.14,32.14,1
1267,0,0,32.14,1
1268,1,2.86,32.14,1
1269,1,0.71,32.14,1
1270,0,0,32.14,1
1271,3,11.86,32.14,1
1272,2,18.71,32.14,1
1273,0,0,32.14,1
1274,0,0,32.14,1
1275,0,0,32.14,1
1276,2,2.43,32.14,1
1277,1,7.29,32.14,1
1278,1,15.86,32.14,1
1279,0,0,32.14,1
1280,0,0,32.14,1
1281,0,0,32.14,1
1282,0,0,32.14,1
1283,3,1.43,32.14,1
1284,2,8.29,32.14,1
1285,0,0,32.14,1
1286,3,19.14,32.14,1
1287,0,0,32.14,1
1288,0,0,32.14,1
1289,1,6.29,32.14,1
1290,4,24.71,32.14,1
1291,0,0,32.14,1
1292,6,30.71,32.14,1
1293,0,0,32.14,1
1294,1,5.86,32.14,1
1295,1,30.14,32.14,1
1296,4,27.71,32.14,1
1297,0,0,32.14,1
1298,2,27.14,32.14,1
1299,0,0,32.14,1
1300,4,31.57,32.14,1
1301,0,0,32,1
1302,0,0,32,1
1303,0,0,32,1
1304,0,0,32,1
1305,2,21.57,32,1
1306,0,0,32,1
1307,1,29.71,32,1
1308,0,0,32,1
1309,1,18,32,1
1310,2,8,32,1
1311,0,0,32,1
1312,0,0,32,1
1313,1,10.14,32,1
1314,0,0,32,1
1315,0,0,32,1
1316,2,11.86,32,1
1317,1,9.14,32,1
1318,0,0,32,1
1319,0,0,32,1
1320,3,6.29,32,1
1321,0,0,32,1
1322,0,0,32,1
1323,0,0,32,1
1324,0,0,32,1
1325,0,0,32,1
1326,0,0,32,1
1327,1,19,32,1
1328,1,29.29,32,1
1329,3,23.71,32,1
1330,2,27.14,32,1
1331,0,0,32,1
1332,0,0,32,1
1333,0,0,32,1
1334,1,4.57,32,1
1335,0,0,31.86,1
1336,0,0,31.86,1
1337,0,0,31.86,1
1338,4,29.14,31.86,1
1339,0,0,31.86,1
1340,1,1.57,31.86,1
1341,3,3.29,31.86,1
1342,0,0,31.86,1
1343,0,0,31.86,1
1344,0,0,31.86,1
1345,0,0,31.86,1
1346,0,0,31.86,1
1347,0,0,31.86,1
1348,3,30.71,31.86,1
1349,1,23.71,31.86,1
1350,0,0,31.86,1
1351,1,1,31.86,1
1352,1,30.57,31.86,1
1353,2,11.14,31.86,1
1354,0,0,31.86,1
1355,2,24.29,31.86,1
1356,0,0,31.86,1
1357,0,0,31.86,1
1358,0,0,31.86,1
1359,3,25.71,31.86,1
1360,0,0,31.86,1
1361,1,30.57,31.86,1
1362,0,0,31.86,1
1363,1,19.29,31.86,1
1364,0,0,31.86,1
1365,9,30.57,31.71,1
1366,0,0,31.71,1
1367,0,0,31.71,1
1368,4,8.43,31.71,1
1369,0,0,31.71,1
1370,2,23.43,31.71,1
1371,0,0,31.71,1
1372,5,26,31.71,1
1373,0,0,31.71,1
1374,0,0,31.71,1
1375,1,5.29,31.71,1
1376,0,0,31.71,1
1377,0,0,31.71,1
1378,1,23,31.71,1
1379,0,0,31.71,1
1380,0,0,31.71,1
1381,2,11.71,31.71,1
1382,0,0,31.71,1
1383,0,0,31.71,1
1384,0,0,31.71,1
1385,0,0,31.71,1
1386,0,0,31.71,1
1387,4,30.29,31.71,1
1388,1,5,31.71,1
1389,0,0,31.71,1
1390,0,0,31.57,1
1391,1,1,31.57,1
1392,5,22.86,31.57,1
1393,0,0,31.57,1
1394,0,0,31.57,1
1395,0,0,31.57,1
1396,1,7.57,31.57,1
1397,0,0,31.57,1
1398,1,11.14,31.57,1
1399,0,0,31.57,1
1400,1,8,31.57,1
1401,0,0,31.57,1
1402,1,6.57,31.57,1
1403,0,0,31.57,1
1404,0,0,31.57,1
1405,0,0,31.57,1
1406,0,0,31.57,1
1407,1,0.86,31.57,1
1408,3,28.14,31.57,1
1409,0,0,31.57,1
1410,0,0,31.57,1
1411,2,14,31.57,1
1412,0,0,31.57,1
1413,14,30.29,31.57,1
1414,4,16.86,31.57,1
1415,0,0,31.43,1
1416,0,0,31.43,1
1417,0,0,31.43,1
1418,0,0,31.43,1
1419,0,0,31.43,1
1420,0,0,31.43,1
1421,2,30.14,31.43,1
1422,0,0,31.43,1
1423,0,0,31.43,1
1424,2,24.71,31.43,1
1425,0,0,31.43,1
1426,3,18.71,31.43,1
1427,0,0,31.43,1
1428,2,6.29,31.43,1
1429,0,0,31.43,1
1430,0,0,31.43,1
1431,1,1.43,31.43,1
1432,1,27.43,31.43,1
1433,6,19.57,31.43,1
1434,1,26.14,31.43,1
1435,6,18.14,31.43,1
1436,0,0,31.43,1
1437,1,2.71,31.43,1
1438,2,7.43,31.43,1
1439,0,0,31.43,1
1440,0,0,31.43,1
1441,2,22.57,31.43,1
1442,1,22.57,31.43,1
1443,0,0,31.43,1
1444,2,21.43,31.43,1
1445,1,31.14,31.43,1
1446,0,0,31.43,1
1447,1,9.57,31.29,1
1448,0,0,31.29,1
1449,2,21,31.29,1
1450,0,0,31.29,1
1451,0,0,31.29,1
1452,3,17.43,31.29,1
1453,0,0,31.29,1
1454,0,0,31.29,1
1455,0,0,31.29,1
1456,0,0,31.29,1
1457,0,0,31.29,1
1458,0,0,31.29,1
1459,0,0,31.29,1
1460,4,13.14,31.29,1
1461,0,0,31.29,1
1462,4,20.14,31.29,1
1463,0,0,31.29,1
1464,1,6,31.29,1
1465,0,0,31.29,1
1466,0,0,31.29,1
1467,5,29.14,31.29,1
1468,0,0,31.29,1
1469,2,26.86,31.29,1
1470,0,0,31.29,1
1471,1,17.14,31.14,1
1472,0,0,31.14,1
1473,5,26.86,31.14,1
1474,0,0,31.14,1
1475,1,2.29,31.14,1
1476,2,26.29,31.14,1
1477,0,0,31.14,1
1478,2,12.29,31.14,1
1479,2,19.14,31.14,1
1480,0,0,31.14,1
1481,0,0,31.14,1
1482,1,16.71,31.14,1
1483,0,0,31.14,1
1484,0,0,31.14,1
1485,0,0,31.14,1
1486,0,0,31.14,1
1487,0,0,31.14,1
1488,0,0,31.14,1
1489,1,26.14,31.14,1
1490,2,5,31.14,1
1491,0,0,31.14,1
1492,0,0,31.14,1
1493,0,0,31.14,1
1494,0,0,31.14,1
1495,3,22.14,31.14,1
1496,0,0,31.14,1
1497,4,22,31.14,1
1498,0,0,31.14,1
1499,1,2,31.14,1
1500,0,0,31.14,1
1501,0,0,31.14,1
1502,3,25.86,31.14,1
1503,1,3.14,31.14,1
1504,0,0,31.14,1
1505,2,25.14,31.14,1
1506,0,0,31.14,1
1507,2,4,31.14,1
1508,1,10.43,31,1
1509,0,0,31,1
1510,0,0,31,1
1511,0,0,31,1
1512,4,19,31,1
1513,0,0,31,1
1514,0,0,31,1
1515,0,0,31,1
1516,26,30.86,31,1
1517,1,30.57,31,1
1518,6,26.14,31,1
1519,0,0,31,1
1520,0,0,31,1
1521,1,8.29,31,1
1522,0,0,31,1
1523,0,0,31,1
1524,0,0,31,1
1525,2,30.57,31,1
1526,0,0,31,1
1527,0,0,31,1
1528,0,0,31,1
1529,2,1.57,31,1
1530,0,0,31,1
1531,0,0,31,1
1532,1,17.43,31,1
1533,2,19.71,31,1
1534,0,0,31,1
1535,1,29.29,31,1
1536,0,0,31,1
1537,0,0,31,1
1538,0,0,31,1
1539,14,29.86,30.86,1
1540,0,0,30.86,1
1541,1,2.71,30.86,1
1542,0,0,30.86,1
1543,2,5.14,30.86,1
1544,4,25.43,30.86,1
1545,0,0,30.86,1
1546,1,2.71,30.86,1
1547,6,29.29,30.86,1
1548,0,0,30.86,1
1549,0,0,30.86,1
1550,1,0.14,30.86,1
1551,3,26,30.86,1
1552,1,2.14,30.86,1
1553,0,0,30.86,1
1554,0,0,30.86,1
1555,0,0,30.86,1
1556,0,0,30.86,1
1557,1,16.29,30.86,1
1558,1,2.29,30.86,1
1559,0,0,30.86,1
1560,8,28.71,30.86,1
1561,0,0,30.86,1
1562,0,0,30.86,1
1563,0,0,30.86,1
1564,0,0,30.86,1
1565,0,0,30.86,1
1566,0,0,30.86,1
1567,3,25.86,30.86,1
1568,0,0,30.86,1
1569,1,5.43,30.86,1
1570,0,0,30.86,1
1571,0,0,30.86,1
1572,3,30.29,30.86,1
1573,0,0,30.86,1
1574,1,1.14,30.86,1
1575,1,10.71,30.71,1
1576,1,3,30.71,1
1577,1,22,30.71,1
1578,0,0,30.71,1
1579,1,3.86,30.71,1
1580,9,12,30.71,1
1581,0,0,30.71,1
1582,0,0,30.71,1
1583,3,26.43,30.71,1
1584,0,0,30.71,1
1585,0,0,30.71,1
1586,0,0,30.71,1
1587,0,0,30.71,1
1588,1,7.57,30.71,1
1589,0,0,30.71,1
1590,0,0,30.71,1
1591,0,0,30.71,1
1592,0,0,30.71,1
1593,1,2,30.71,1
1594,0,0,30.71,1
1595,2,4,30.71,1
1596,0,0,30.71,1
1597,4,20.29,30.71,1
1598,1,25,30.71,1
1599,0,0,30.71,1
1600,0,0,30.71,1
1601,0,0,30.71,1
1602,0,0,30.71,1
1603,0,0,30.71,1
1604,0,0,30.71,1
1605,2,21.43,30.71,1
1606,0,0,30.71,1
1607,1,24.71,30.71,1
1608,1,30.29,30.71,1
1609,1,14.71,30.57,1
1610,0,0,30.57,1
1611,3,17.57,30.57,1
1612,2,6,30.57,1
1613,0,0,30.57,1
1614,2,27.71,30.57,1
1615,5,28.43,30.57,1
1616,0,0,30.57,1
1617,1,16.57,30.57,1
1618,0,0,30.57,1
1619,0,0,30.57,1
1620,1,1.71,30.57,1
1621,1,25.86,30.57,1
1622,0,0,30.57,1
1623,0,0,30.57,1
1624,0,0,30.57,1
1625,0,0,30.57,1
1626,1,3.29,30.57,1
1627,0,0,30.57,1
1628,5,25.86,30.57,1
1629,1,28.14,30.57,1
1630,0,0,30.57,1
1631,1,5.71,30.57,1
1632,0,0,30.57,1
1633,4,26.71,30.57,1
1634,0,0,30.57,1
1635,0,0,30.57,1
1636,0,0,30.57,1
1637,0,0,30.57,1
1638,0,0,30.57,1
1639,4,21.71,30.43,1
1640,3,12.71,30.43,1
1641,0,0,30.43,1
1642,0,0,30.43,1
1643,0,0,30.43,1
1644,1,17.29,30.43,1
1645,0,0,30.43,1
1646,1,3.29,30.43,1
1647,0,0,30.43,1
1648,2,8.86,30.43,1
1649,0,0,30.43,1
1650,0,0,30.43,1
1651,0,0,30.43,1
1652,2,24.43,30.43,1
1653,4,20.86,30.43,1
1654,0,0,30.43,1
1655,0,0,30.43,1
1656,0,0,30.43,1
1657,0,0,30.43,1
1658,2,19.57,30.43,1
1659,0,0,30.43,1
1660,0,0,30.43,1
1661,0,0,30.43,1
1662,1,16.86,30.43,1
1663,0,0,30.43,1
1664,1,6,30.43,1
1665,1,4.29,30.29,1
1666,0,0,30.29,1
1667,0,0,30.29,1
1668,3,16.86,30.29,1
1669,3,30.29,30.29,1
1670,0,0,30.29,1
1671,2,25.71,30.29,1
1672,0,0,30.29,1
1673,1,21.14,30.29,1
1674,0,0,30.29,1
1675,1,24.57,30.29,1
1676,0,0,30.29,1
1677,0,0,30.29,1
1678,0,0,30.29,1
1679,5,28.29,30.29,1
1680,1,8.29,30.29,1
1681,3,18.29,30.29,1
1682,0,0,30.29,1
1683,2,19.43,30.29,1
1684,1,1.86,30.29,1
1685,0,0,30.29,1
1686,1,10.14,30.29,1
1687,0,0,30.29,1
1688,0,0,30.29,1
1689,0,0,30.29,1
1690,1,22,30.29,1
1691,0,0,30.29,1
1692,2,3.86,30.29,1
1693,0,0,30.29,1
1694,0,0,30.29,1
1695,0,0,30.29,1
1696,2,17.71,30.14,1
1697,3,20.86,30.14,1
1698,0,0,30.14,1
1699,0,0,30.14,1
1700,5,30,30.14,1
1701,0,0,30.14,1
1702,2,2,30.14,1
1703,0,0,30.14,1
1704,0,0,30.14,1
1705,0,0,30.14,1
1706,0,0,30.14,1
1707,0,0,30.14,1
1708,1,1.29,30.14,1
1709,1,16.14,30.14,1
1710,0,0,30.14,1
1711,0,0,30.14,1
1712,9,28.57,30.14,1
1713,2,8.86,30.14,1
1714,0,0,30.14,1
1715,1,6.29,30.14,1
1716,1,2.14,30.14,1
1717,0,0,30.14,1
1718,0,0,30.14,1
1719,0,0,30.14,1
1720,1,21.86,30.14,1
1721,1,21.86,30.14,1
1722,0,0,30.14,1
1723,0,0,30.14,1
1724,0,0,30.14,1
1725,0,0,30.14,1
1726,0,0,30,1
1727,0,0,30,1
1728,2,5.43,30,1
1729,0,0,30,1
1730,0,0,30,1
1731,0,0,30,1
1732,0,0,30,1
1733,3,29.71,30,1
1734,0,0,30,1
1735,0,0,30,1
1736,0,0,30,1
1737,1,20.86,30,1
1738,0,0,30,1
1739,0,0,30,1
1740,0,0,30,1
1741,0,0,30,1
1742,2,25.14,30,1
1743,0,0,30,1
1744,4,25.14,30,1
1745,0,0,30,1
1746,4,28.43,30,1
1747,3,24.43,30,1
1748,0,0,30,1
1749,3,16,30,1
1750,2,15.71,30,1
1751,0,0,30,1
1752,0,0,30,1
1753,0,0,30,1
1754,0,0,30,1
1755,0,0,30,1
1756,4,7.57,30,1
1757,0,0,30,1
1758,0,0,29.86,1
1759,0,0,29.86,1
1760,5,26.57,29.86,1
1761,3,6.29,29.86,1
1762,2,15.29,29.86,1
1763,2,28.71,29.86,1
1764,0,0,29.86,1
1765,0,0,29.86,1
1766,3,24.71,29.86,1
1767,2,16.86,29.86,1
1768,4,26.57,29.86,1
1769,0,0,29.86,1
1770,7,28,29.86,1
1771,1,21.57,29.86,1
1772,2,20.71,29.86,1
1773,0,0,29.86,1
1774,2,8.14,29.86,1
1775,2,15.29,29.86,1
1776,0,0,29.86,1
1777,3,2.43,29.86,1
1778,0,0,29.86,1
1779,0,0,29.86,1
1780,0,0,29.86,1
1781,1,24.57,29.86,1
1782,0,0,29.86,1
1783,1,14,29.86,1
1784,0,0,29.86,1
1785,0,0,29.86,1
1786,3,12.71,29.86,1
1787,0,0,29.86,1
1788,0,0,29.86,1
1789,1,2.86,29.86,1
1790,6,26.43,29.86,1
1791,0,0,29.86,1
1792,1,17.57,29.86,1
1793,0,0,29.86,1
1794,2,24.86,29.86,1
1795,3,5.71,29.86,1
1796,0,0,29.86,1
1797,0,0,29.86,1
1798,3,9.71,29.71,1
1799,0,0,29.71,1
1800,1,20.14,29.71,1
1801,0,0,29.71,1
1802,0,0,29.71,1
1803,0,0,29.71,1
1804,0,0,29.71,1
1805,0,0,29.71,1
1806,0,0,29.71,1
1807,0,0,29.71,1
1808,5,29.57,29.71,1
1809,0,0,29.71,1
1810,0,0,29.71,1
1811,0,0,29.71,1
1812,1,21.14,29.71,1
1813,0,0,29.71,1
1814,0,0,29.71,1
1815,0,0,29.71,1
1816,0,0,29.71,1
1817,0,0,29.71,1
1818,0,0,29.71,1
1819,0,0,29.71,1
1820,9,23.43,29.71,1
1821,4,28.14,29.71,1
1822,2,27.57,29.71,1
1823,0,0,29.71,1
1824,0,0,29.71,1
1825,1,5,29.71,1
1826,4,8,29.71,1
1827,1,20.86,29.57,1
1828,0,0,29.57,1
1829,1,1,29.57,1
1830,0,0,29.57,1
1831,1,20.86,29.57,1
1832,0,0,29.57,1
1833,0,0,29.57,1
1834,1,19.71,29.57,1
1835,0,0,29.57,1
1836,1,0.71,29.57,1
1837,0,0,29.57,1
1838,0,0,29.57,1
1839,0,0,29.57,1
1840,1,1.71,29.57,1
1841,0,0,29.57,1
1842,1,14.29,29.57,1
1843,5,29.43,29.57,1
1844,0,0,29.57,1
1845,1,25,29.57,1
1846,0,0,29.57,1
1847,0,0,29.57,1
1848,0,0,29.57,1
1849,1,27,29.57,1
1850,0,0,29.57,1
1851,1,9.71,29.57,1
1852,0,0,29.57,1
1853,1,2,29.57,1
1854,0,0,29.57,1
1855,1,1.57,29.57,1
1856,1,26.29,29.43,1
1857,0,0,29.43,1
1858,0,0,29.43,1
1859,0,0,29.43,1
1860,7,28.57,29.43,1
1861,0,0,29.43,1
1862,0,0,29.43,1
1863,1,28.57,29.43,1
1864,0,0,29.43,1
1865,1,24,29.43,1
1866,0,0,29.43,1
1867,0,0,29.43,1
1868,0,0,29.43,1
1869,0,0,29.43,1
1870,0,0,29.43,1
1871,0,0,29.43,1
1872,1,2.43,29.43,1
1873,1,9.57,29.43,1
1874,0,0,29.43,1
1875,0,0,29.43,1
1876,1,24.14,29.43,1
1877,0,0,29.43,1
1878,2,10.71,29.43,1
1879,0,0,29.43,1
1880,0,0,29.43,1
1881,0,0,29.43,1
1882,1,11.43,29.43,1
1883,0,0,29.43,1
1884,0,0,29.29,1
1885,0,0,29.29,1
1886,1,16.29,29.29,1
1887,15,23.86,29.29,1
1888,0,0,29.29,1
1889,1,16.29,29.29,1
1890,0,0,29.29,1
1891,2,20.57,29.29,1
1892,0,0,29.29,1
1893,0,0,29.29,1
1894,3,22.57,29.29,1
1895,0,0,29.29,1
1896,0,0,29.29,1
1897,0,0,29.29,1
1898,0,0,29.29,1
1899,1,12.14,29.29,1
1900,0,0,29.29,1
1901,21,4.71,29.29,1
1902,2,20.43,29.29,1
1903,0,0,29.29,1
1904,0,0,29.29,1
1905,0,0,29.29,1
1906,3,19.86,29.29,1
1907,0,0,29.29,1
1908,0,0,29.29,1
1909,3,16.14,29.29,1
1910,2,20.57,29.29,1
1911,1,2.14,29.29,1
1912,0,0,29.29,1
1913,0,0,29.29,1
1914,1,0.43,29.29,1
1915,1,17.14,29.14,1
1916,1,3.29,29.14,1
1917,0,0,29.14,1
1918,0,0,29.14,1
1919,1,25.14,29.14,1
1920,2,18.29,29.14,1
1921,2,3.71,29.14,1
1922,1,5.14,29.14,1
1923,0,0,29.14,1
1924,0,0,29.14,1
1925,4,28.57,29.14,1
1926,0,0,29.14,1
1927,0,0,29.14,1
1928,0,0,29.14,1
1929,2,27.86,29.14,1
1930,0,0,29.14,1
1931,0,0,29.14,1
1932,1,22.71,29.14,1
1933,0,0,29.14,1
1934,1,19.14,29.14,1
1935,1,11.14,29.14,1
1936,0,0,29.14,1
1937,0,0,29.14,1
1938,0,0,29.14,1
1939,2,27.71,29.14,1
1940,0,0,29.14,1
1941,0,0,29.14,1
1942,0,0,29.14,1
1943,2,20.14,29.14,1
1944,0,0,29.14,1
1945,0,0,29,1
1946,2,4,29,1
1947,0,0,29,1
1948,0,0,29,1
1949,0,0,29,1
1950,1,15.14,29,1
1951,0,0,29,1
1952,0,0,29,1
1953,6,21.29,29,1
1954,0,0,29,1
1955,11,23.29,29,1
1956,0,0,29,1
1957,0,0,29,1
1958,1,3.86,29,1
1959,1,1.57,29,1
1960,0,0,29,1
1961,1,28,29,1
1962,1,18.29,29,1
1963,2,10.86,29,1
1964,2,25.43,29,1
1965,0,0,29,1
1966,3,1.43,29,1
1967,0,0,29,1
1968,0,0,29,1
1969,0,0,29,1
1970,0,0,29,1
1971,0,0,29,1
1972,0,0,29,1
1973,0,0,29,1
1974,0,0,29,1
1975,1,8.86,28.86,1
1976,0,0,28.86,1
1977,0,0,28.86,1
1978,0,0,28.86,1
1979,0,0,28.86,1
1980,1,1.71,28.86,1
1981,17,28.43,28.86,1
1982,2,23.71,28.86,1
1983,2,11.86,28.86,1
1984,0,0,28.86,1
1985,2,3,28.86,1
1986,0,0,28.86,1
1987,2,21.29,28.86,1
1988,0,0,28.86,1
1989,0,0,28.86,1
1990,0,0,28.86,1
1991,0,0,28.86,1
1992,1,16.71,28.86,1
1993,0,0,28.86,1
1994,0,0,28.86,1
1995,0,0,28.86,1
1996,0,0,28.86,1
1997,0,0,28.86,1
1998,0,0,28.86,1
1999,0,0,28.86,1
2000,0,0,28.86,1
2001,0,0,28.71,1
2002,0,0,28.71,1
2003,0,0,28.71,1
2004,0,0,28.71,1
2005,3,15.86,28.71,1
2006,0,0,28.71,1
2007,1,22.71,28.71,1
2008,0,0,28.71,1
2009,0,0,28.71,1
2010,1,15.14,28.71,1
2011,0,0,28.71,1
2012,2,8.43,28.71,1
2013,0,0,28.71,1
2014,0,0,28.71,1
2015,0,0,28.71,1
2016,0,0,28.71,1
2017,1,15.57,28.71,1
2018,0,0,28.71,1
2019,0,0,28.71,1
2020,0,0,28.71,1
2021,0,0,28.71,1
2022,1,13,28.71,1
2023,0,0,28.71,1
2024,7,24.29,28.71,1
2025,0,0,28.71,1
2026,0,0,28.71,1
2027,1,8.71,28.71,1
2028,0,0,28.71,1
2029,0,0,28.57,1
2030,3,15.14,28.57,1
2031,0,0,28.57,1
2032,0,0,28.57,1
2033,2,25.29,28.57,1
2034,4,21.71,28.57,1
2035,0,0,28.57,1
2036,1,2.29,28.57,1
2037,0,0,28.57,1
2038,0,0,28.57,1
2039,0,0,28.57,1
2040,0,0,28.57,1
2041,2,9.57,28.57,1
2042,1,2.14,28.57,1
2043,0,0,28.57,1
2044,4,25.14,28.57,1
2045,2,5.71,28.57,1
2046,0,0,28.57,1
2047,0,0,28.57,1
2048,1,14.86,28.57,1
2049,3,15,28.57,1
2050,0,0,28.57,1
2051,0,0,28.57,1
2052,1,11,28.57,1
2053,0,0,28.57,1
2054,0,0,28.57,1
2055,1,13.14,28.57,1
2056,0,0,28.57,1
2057,1,8.43,28.57,1
2058,1,25.43,28.57,1
2059,0,0,28.57,1
2060,0,0,28.57,1
2061,0,0,28.43,1
2062,0,0,28.43,1
2063,0,0,28.43,1
2064,0,0,28.43,1
2065,0,0,28.43,1
2066,0,0,28.43,1
2067,0,0,28.43,1
2068,2,27.71,28.43,1
2069,3,27.71,28.43,1
2070,0,0,28.43,1
2071,1,13.86,28.43,1
2072,0,0,28.43,1
2073,1,4.14,28.43,1
2074,1,21.14,28.43,1
2075,3,7.29,28.43,1
2076,3,27.71,28.43,1
2077,0,0,28.43,1
2078,0,0,28.43,1
2079,0,0,28.43,1
2080,0,0,28.43,1
2081,1,1.43,28.43,1
2082,0,0,28.43,1
2083,2,8.43,28.43,1
2084,0,0,28.43,1
2085,1,0.86,28.43,1
2086,0,0,28.29,1
2087,0,0,28.29,1
2088,0,0,28.29,1
2089,1,28.29,28.29,1
2090,1,1.29,28.29,1
2091,0,0,28.29,1
2092,2,5.43,28.29,1
2093,0,0,28.29,1
2094,2,22.14,28.29,1
2095,0,0,28.29,1
2096,3,26,28.29,1
2097,0,0,28.29,1
2098,4,11.14,28.29,1
2099,0,0,28.29,1
2100,1,11,28.29,1
2101,1,7.57,28.29,1
2102,0,0,28.29,1
2103,0,0,28.29,1
2104,1,18.86,28.29,1
2105,0,0,28.29,1
2106,3,21.14,28.29,1
2107,0,0,28.29,1
2108,0,0,28.29,1
2109,0,0,28.29,1
2110,1,13.29,28.29,1
2111,1,1.57,28.29,1
2112,0,0,28.29,1
2113,0,0,28.29,1
2114,0,0,28.29,1
2115,0,0,28.29,1
2116,0,0,28.29,1
2117,1,19,28.29,1
2118,0,0,28.29,1
2119,1,4.29,28.29,1
2120,0,0,28.14,1
2121,3,27.71,28.14,1
2122,0,0,28.14,1
2123,6,12.43,28.14,1
2124,0,0,28.14,1
2125,0,0,28.14,1
2126,0,0,28.14,1
2127,0,0,28.14,1
2128,3,24.43,28.14,1
2129,0,0,28.14,1
2130,0,0,28.14,1
2131,0,0,28.14,1
2132,2,25,28.14,1
2133,5,9.57,28.14,1
2134,0,0,28.14,1
2135,1,3.57,28.14,1
2136,0,0,28.14,1
2137,0,0,28.14,1
2138,1,2.86,28.14,1
2139,0,0,28.14,1
2140,1,7.14,28.14,1
2141,0,0,28.14,1
2142,0,0,28.14,1
2143,2,17,28.14,1
2144,0,0,28.14,1
2145,1,5.43,28.14,1
2146,2,24.57,28.14,1
2147,0,0,28.14,1
2148,0,0,28,1
2149,7,26.86,28,1
2150,0,0,28,1
2151,0,0,28,1
2152,2,14.29,28,1
2153,0,0,28,1
2154,2,21.86,28,1
2155,2,2.86,28,1
2156,0,0,28,1
2157,0,0,28,1
2158,0,0,28,1
2159,0,0,28,1
2160,0,0,28,1
2161,2,8.43,28,1
2162,0,0,28,1
2163,8,27.57,28,1
2164,0,0,28,1
2165,0,0,28,1
2166,5,18.43,28,1
2167,0,0,28,1
2168,1,8.43,28,1
2169,0,0,28,1
2170,1,1.43,28,1
2171,0,0,28,1
2172,1,3.57,28,1
2173,0,0,28,1
2174,0,0,28,1
2175,1,11.29,28,1
2176,0,0,28,1
2177,3,8,28,1
2178,0,0,28,1
2179,2,20.57,27.86,1
2180,0,0,27.86,1
2181,0,0,27.86,1
2182,0,0,27.86,1
2183,2,12.57,27.86,1
2184,1,19.57,27.86,1
2185,0,0,27.86,1
2186,0,0,27.86,1
2187,0,0,27.86,1
2188,0,0,27.86,1
2189,1,0.14,27.86,1
2190,0,0,27.86,1
2191,2,25.71,27.86,1
2192,0,0,27.86,1
2193,0,0,27.86,1
2194,0,0,27.86,1
2195,0,0,27.86,1
2196,2,23.71,27.86,1
2197,0,0,27.86,1
2198,0,0,27.86,1
2199,1,7.43,27.86,1
2200,0,0,27.86,1
2201,1,23.57,27.86,1
2202,2,24.43,27.86,1
2203,0,0,27.86,1
2204,0,0,27.86,1
2205,1,1.71,27.86,1
2206,0,0,27.86,1
2207,2,7.57,27.71,1
2208,0,0,27.71,1
2209,0,0,27.71,1
2210,3,25.71,27.71,1
2211,0,0,27.71,1
2212,0,0,27.71,1
2213,0,0,27.71,1
2214,1,21.57,27.71,1
2215,0,0,27.71,1
2216,0,0,27.71,1
2217,0,0,27.71,1
2218,1,14,27.71,1
2219,0,0,27.71,1
2220,9,25.29,27.71,1
2221,3,20.14,27.71,1
2222,0,0,27.71,1
2223,0,0,27.71,1
2224,0,0,27.71,1
2225,0,0,27.71,1
2226,0,0,27.71,1
2227,0,0,27.71,1
2228,3,19.86,27.57,1
2229,0,0,27.57,1
2230,0,0,27.57,1
2231,2,26.43,27.57,1
2232,0,0,27.57,1
2233,1,27.29,27.57,1
2234,1,21.43,27.57,1
2235,1,7.71,27.57,1
2236,0,0,27.57,1
2237,0,0,27.57,1
2238,0,0,27.57,1
2239,2,6.43,27.57,1
2240,6,27.57,27.57,1
2241,0,0,27.57,1
2242,0,0,27.57,1
2243,0,0,27.57,1
2244,0,0,27.57,1
2245,0,0,27.57,1
2246,0,0,27.57,1
2247,0,0,27.43,1
2248,0,0,27.43,1
2249,0,0,27.43,1
2250,1,9.71,27.43,1
2251,0,0,27.43,1
2252,1,8.43,27.43,1
2253,0,0,27.43,1
2254,1,3.71,27.43,1
2255,0,0,27.43,1
2256,0,0,27.43,1
2257,0,0,27.43,1
2258,0,0,27.43,1
2259,0,0,27.43,1
2260,1,9,27.43,1
2261,4,23,27.43,1
2262,0,0,27.43,1
2263,0,0,27.43,1
2264,2,27,27.43,1
2265,0,0,27.43,1
2266,0,0,27.43,1
2267,0,0,27.43,1
2268,0,0,27.43,1
2269,0,0,27.43,1
2270,1,16.29,27.43,1
2271,0,0,27.29,1
2272,0,0,27.29,1
2273,0,0,27.29,1
2274,1,4.86,27.29,1
2275,0,0,27.29,1
2276,0,0,27.29,1
2277,0,0,27.29,1
2278,1,22.14,27.29,1
2279,0,0,27.29,1
2280,2,20.71,27.29,1
2281,0,0,27.29,1
2282,1,0.71,27.29,1
2283,0,0,27.29,1
2284,0,0,27.29,1
2285,6,13.29,27.29,1
2286,0,0,27.29,1
2287,0,0,27.29,1
2288,0,0,27.29,1
2289,0,0,27.29,1
2290,1,15.86,27.29,1
2291,0,0,27.29,1
2292,0,0,27.29,1
2293,2,15.43,27.29,1
2294,6,21.14,27.29,1
2295,0,0,27.14,1
2296,1,12.14,27.14,1
2297,0,0,27.14,1
2298,0,0,27.14,1
2299,0,0,27.14,1
2300,0,0,27.14,1
2301,2,19,27.14,1
2302,0,0,27.14,1
2303,7,23.43,27.14,1
2304,0,0,27.14,1
2305,1,24.43,27.14,1
2306,2,8.29,27.14,1
2307,1,6.14,27.14,1
2308,1,1.57,27.14,1
2309,1,0.43,27.14,1
2310,0,0,27.14,1
2311,0,0,27.14,1
2312,1,25.86,27.14,1
2313,5,18,27.14,1
2314,0,0,27.14,1
2315,1,7.86,27.14,1
2316,0,0,27.14,1
2317,0,0,27.14,1
2318,2,13.29,27.14,1
2319,0,0,27.14,1
2320,0,0,27.14,1
2321,0,0,27.14,1
2322,0,0,27.14,1
2323,0,0,27.14,1
2324,0,0,27.14,1
2325,1,2.57,27.14,1
2326,0,0,27.14,1
2327,0,0,27.14,1
2328,1,21.43,27,1
2329,0,0,27,1
2330,1,13.71,27,1
2331,0,0,27,1
2332,5,13,27,1
2333,1,20.43,27,1
2334,0,0,27,1
2335,1,2.57,27,1
2336,2,6.86,27,1
2337,0,0,27,1
2338,0,0,27,1
2339,1,11.71,27,1
2340,2,17.57,27,1
2341,0,0,27,1
2342,1,6.29,27,1
2343,0,0,27,1
2344,2,12,27,1
2345,0,0,27,1
2346,1,7.57,27,1
2347,2,9.86,27,1
2348,7,24.14,27,1
2349,1,9.29,27,1
2350,2,21.86,27,1
2351,0,0,27,1
2352,0,0,27,1
2353,0,0,27,1
2354,5,24.29,27,1
2355,0,0,27,1
2356,4,26.57,27,1
2357,0,0,27,1
